id,visits,
10,3,
11,2,
12,4,
13,2,
14,2,
15,4,
16,4,
17,2,
18,3,
19,2,
20,3,
21,2,
22,2,
23,3,
24,4,
25,2,
26,3,
27,2,
28,4,
29,2,
30,4,
31,2,
32,2,
33,2,
34,2,
35,4,
36,4,
37,4,
38,2,
39,4,
40,3,
41,4,
42,3,
43,2,
44,3,
45,2,
46,4,
47,4,
48,4,
49,4,
50,2,
51,4,
52,3,
53,2,
54,3,
55,4,
56,2,
57,2,
58,2,
59,3,
60,4,
61,4,
62,4,
63,3,
64,3,
65,3,
66,4,
67,3,
68,3,
69,3,
70,2,
71,2,
72,2,
73,4,
74,2,
75,2,
76,3,
77,3,
78,2,
79,4,
80,4,
81,3,
82,4,
83,3,
84,3,
85,2,
86,3,
87,4,
88,2,
89,3,
90,2,
91,2,
92,3,
93,2,
94,4,
95,3,
96,3,
97,3,
98,4,
99,2,
100,2,
101,3,
102,3,
103,3,
104,3,
105,3,
106,2,
107,2,
108,4,
109,4,
110,3,
111,2,
112,4,
113,2,
114,4,
115,4,
116,3,
117,2,
118,4,
119,2,
120,4,
121,2,
122,4,
123,2,
124,2,
125,2,
126,3,
127,2,
128,2,
129,3,
130,4,
131,3,
132,3,
133,4,
134,2,
135,4,
136,3,
137,2,
138,4,
139,2,
140,2,
141,4,
142,4,
143,4,
144,2,
145,2,
146,3,
147,3,
148,3,
149,3,
150,3,
151,2,
152,3,
153,2,
154,4,
155,3,
156,3,
157,2,
158,2,
159,3,
160,4,
161,2,
162,3,
163,4,
164,2,
165,3,
166,3,
167,3,
168,2,
169,2,
170,3,
171,3,
172,3,
173,3,
174,3,
175,2,
176,4,
177,2,
178,3,
179,4,
180,3,
181,3,
182,2,
183,3,
184,3,
185,2,
186,4,
187,4,
188,3,
189,3,
190,2,
191,4,
192,4,
193,3,
194,2,
195,3,
196,4,
197,4,
198,4,
199,2,
200,3,
201,4,
202,2,
203,4,
204,4,
205,4,
206,2,
207,4,
208,3,
209,3,
210,4,
211,4,
212,3,
213,4,
214,4,
215,2,
216,4,
217,3,
218,4,
219,4,
220,3,
221,3,
222,2,
223,4,
224,3,
225,4,
226,3,
227,4,
228,2,
229,2,
230,3,
231,4,
232,3,
233,3,
234,2,
235,2,
236,3,
237,2,
238,2,
239,4,
240,3,
241,4,
242,3,
243,3,
244,4,
245,4,
246,4,
247,3,
248,3,
249,4,
250,3,
251,4,
252,2,
253,4,
254,4,
255,4,
256,3,
257,4,
258,4,
259,3,
260,2,
261,3,
262,3,
263,2,
264,2,
265,4,
266,4,
267,4,
268,2,
269,2,
270,2,
271,2,
272,4,
273,3,
274,3,
275,4,
276,3,
277,3,
278,3,
279,3,
280,4,
281,2,
282,3,
283,3,
284,2,
285,4,
286,4,
287,2,
288,2,
289,4,
290,3,
291,4,
292,3,
293,2,
294,2,
295,4,
296,3,
297,2,
298,3,
299,4,
300,3,
301,2,
302,2,
303,2,
304,4,
305,4,
306,2,
307,4,
308,3,
309,3,
310,2,
311,4,
312,4,
313,2,
314,2,
315,3,
316,4,
317,3,
318,2,
319,3,
320,4,
321,2,
322,3,
323,4,
324,2,
325,4,
326,3,
327,4,
328,2,
329,3,
330,4,
331,3,
332,4,
333,3,
334,3,
335,3,
336,4,
337,3,
338,3,
339,2,
340,2,
341,2,
342,4,
343,2,
344,4,
345,2,
346,3,
347,3,
348,3,
349,3,
350,3,
351,3,
352,2,
353,3,
354,3,
355,2,
356,2,
357,3,
358,3,
359,4,
360,2,
361,4,
362,2,
363,3,
364,4,
365,3,
366,4,
367,4,
368,2,
369,2,
370,2,
371,4,
372,2,
373,2,
374,4,
375,3,
376,4,
377,4,
378,2,
379,4,
380,2,
381,3,
382,2,
383,3,
384,4,
385,2,
386,3,
387,2,
388,2,
389,2,
390,2,
391,4,
392,4,
393,3,
394,4,
395,4,
396,2,
397,2,
398,2,
399,3,
400,4,
401,3,
402,4,
403,4,
404,4,
405,2,
406,4,
407,2,
408,2,
409,3,
410,3,
411,4,
412,3,
413,4,
414,2,
415,3,
416,4,
417,3,
418,2,
419,2,
420,3,
421,4,
422,4,
423,4,
424,3,
425,2,
426,4,
427,3,
428,3,
429,3,
430,2,
431,3,
432,3,
433,3,
434,2,
435,4,
436,2,
437,2,
438,2,
439,2,
440,3,
441,2,
442,4,
443,2,
444,4,
445,3,
446,2,
447,4,
448,3,
449,3,
450,3,
451,3,
452,4,
453,4,
454,3,
455,2,
456,4,
457,4,
458,2,
459,2,
460,2,
461,2,
462,4,
463,3,
464,4,
465,3,
466,3,
467,4,
468,4,
469,2,
470,4,
471,4,
472,4,
473,4,
474,3,
475,3,
476,4,
477,4,
478,2,
479,2,
480,3,
481,2,
482,3,
483,4,
484,3,
485,4,
486,3,
487,3,
488,4,
489,4,
490,3,
491,3,
492,2,
493,2,
494,2,
495,3,
496,3,
497,3,
498,4,
499,2,
500,3,
501,2,
502,2,
503,3,
504,2,
505,3,
506,2,
507,3,
508,2,
509,4,
510,2,
511,4,
512,3,
513,4,
514,3,
515,4,
516,2,
517,2,
518,3,
519,2,
520,2,
521,2,
522,4,
523,2,
524,2,
525,4,
526,2,
527,3,
528,3,
529,3,
530,2,
531,2,
532,4,
533,3,
534,2,
535,3,
536,3,
537,2,
538,3,
539,4,
540,3,
541,4,
542,2,
543,4,
544,3,
545,3,
546,4,
547,4,
548,2,
549,2,
550,3,
551,2,
552,4,
553,3,
554,2,
555,2,
556,4,
557,2,
558,4,
559,2,
560,3,
561,3,
562,4,
563,2,
564,3,
565,2,
566,2,
567,4,
568,3,
569,3,
570,4,
571,4,
572,3,
573,2,
574,4,
575,3,
576,2,
577,2,
578,2,
579,2,
580,2,
581,2,
582,3,
583,3,
584,4,
585,3,
586,3,
587,3,
588,2,
589,4,
590,4,
591,3,
592,4,
593,4,
594,2,
595,4,
596,2,
597,2,
598,2,
599,3,
600,2,
601,2,
602,2,
603,4,
604,3,
605,4,
606,4,
607,4,
608,3,
609,2,
610,3,
611,4,
612,2,
613,3,
614,2,
615,3,
616,3,
617,2,
618,3,
619,3,
620,4,
621,4,
622,4,
623,3,
624,4,
625,2,
626,2,
627,3,
628,3,
629,3,
630,2,
631,3,
632,3,
633,3,
634,3,
635,4,
636,4,
637,4,
638,3,
639,4,
640,2,
641,3,
642,3,
643,3,
644,4,
645,3,
646,2,
647,2,
648,3,
649,2,
650,3,
651,3,
652,4,
653,4,
654,3,
655,2,
656,4,
657,2,
658,4,
659,2,
660,2,
661,2,
662,4,
663,4,
664,2,
665,2,
666,3,
667,4,
668,3,
669,4,
670,2,
671,3,
672,4,
673,3,
674,4,
675,2,
676,4,
677,4,
678,4,
679,3,
680,2,
681,3,
682,2,
683,2,
684,2,
685,3,
686,3,
687,4,
688,3,
689,4,
690,2,
691,2,
692,4,
693,2,
694,3,
695,2,
696,4,
697,3,
698,2,
699,4,
700,2,
701,3,
702,4,
703,4,
704,3,
705,4,
706,2,
707,2,
708,3,
709,2,
710,4,
711,4,
712,2,
713,4,
714,4,
715,2,
716,3,
717,4,
718,4,
719,4,
720,2,
721,2,
722,3,
723,4,
724,2,
725,2,
726,4,
727,4,
728,4,
729,3,
730,4,
731,2,
732,2,
733,2,
734,4,
735,3,
736,4,
737,4,
738,4,
739,4,
740,3,
741,3,
742,2,
743,3,
744,3,
745,3,
746,3,
747,4,
748,4,
749,4,
750,3,
751,3,
752,4,
753,4,
754,3,
755,2,
756,3,
757,3,
758,2,
759,2,
760,4,
761,4,
762,4,
763,4,
764,4,
765,2,
766,4,
767,4,
768,3,
769,4,
770,4,
771,4,
772,4,
773,2,
774,4,
775,4,
776,3,
777,3,
778,4,
779,4,
780,2,
781,2,
782,3,
783,4,
784,2,
785,3,
786,4,
787,4,
788,2,
789,3,
790,2,
1,4,
2,4,
3,3,
4,4,
5,4,
6,2,
7,4,
8,3,
9,2,
10,3,
11,3,
12,4,
13,4,
14,2,
15,3,
16,3,
17,4,
18,4,
19,3,
20,2,
21,3,
22,4,
23,4,
24,4,
25,2,
26,3,
27,3,
28,4,
29,3,
30,2,
31,3,
32,4,
33,3,
34,3,
35,3,
36,3,
37,2,
38,4,
39,2,
40,2,
41,2,
42,2,
43,2,
44,3,
45,4,
46,4,
47,3,
48,2,
49,2,
50,4,
51,4,
52,2,
53,3,
54,2,
55,4,
56,3,
57,4,
58,3,
59,3,
60,4,
61,2,
62,4,
63,3,
64,3,
65,4,
66,2,
67,2,
68,2,
69,2,
70,3,
71,3,
72,3,
73,3,
74,3,
75,2,
76,3,
77,2,
78,3,
79,2,
80,2,
81,3,
82,4,
83,4,
84,4,
85,4,
86,4,
87,3,
88,3,
89,3,
90,4,
91,3,
92,4,
93,4,
94,2,
95,2,
96,4,
97,4,
98,2,
99,3,
100,3,
101,4,
102,2,
103,3,
104,3,
105,2,
106,2,
107,2,
108,2,
109,4,
110,2,
111,2,
112,4,
113,4,
114,4,
115,2,
116,3,
117,3,
118,3,
119,2,
120,3,
121,4,
122,3,
123,2,
124,3,
125,4,
126,4,
127,2,
128,2,
129,4,
130,2,
131,3,
132,2,
133,3,
134,3,
135,3,
136,4,
137,3,
138,3,
139,2,
140,2,
141,2,
142,3,
143,4,
144,3,
145,2,
146,2,
147,2,
148,2,
149,3,
150,3,
151,3,
152,2,
153,3,
154,2,
155,3,
156,2,
157,2,
158,4,
159,2,
160,3,
161,4,
162,4,
163,3,
164,2,
165,3,
166,2,
167,3,
168,2,
169,2,
170,2,
171,2,
172,4,
173,2,
174,2,
175,4,
176,4,
177,2,
178,4,
179,2,
180,2,
181,4,
182,4,
183,2,
184,2,
185,3,
186,3,
187,3,
188,3,
189,4,
190,2,
191,3,
192,4,
193,4,
194,2,
195,4,
196,4,
197,2,
198,3,
199,3,
200,4,
201,4,
202,3,
203,4,
204,3,
205,3,
206,3,
207,2,
208,3,
209,3,
210,4,
211,4,
212,2,
213,4,
214,2,
215,3,
216,4,
217,3,
218,3,
219,3,
220,2,
221,4,
222,4,
223,4,
224,3,
225,3,
226,3,
227,3,
228,4,
229,3,
230,4,
231,2,
232,4,
233,4,
234,2,
235,2,
236,2,
237,2,
238,2,
239,2,
240,4,
241,4,
242,2,
243,4,
244,4,
245,4,
246,4,
247,4,
248,2,
249,4,
250,3,
251,3,
252,3,
253,3,
254,2,
255,2,
256,4,
257,3,
258,3,
259,3,
260,2,
261,3,
262,3,
263,2,
264,3,
265,4,
266,3,
267,3,
268,4,
269,3,
270,2,
271,2,
272,4,
273,4,
274,3,
275,3,
276,2,
277,2,
278,4,
279,2,
280,2,
281,3,
282,3,
283,3,
284,3,
285,2,
286,2,
287,2,
288,4,
289,4,
290,2,
291,3,
292,4,
293,4,
294,4,
295,2,
296,3,
297,2,
298,2,
299,4,
300,3,
301,3,
302,4,
303,2,
304,4,
305,4,
306,2,
307,2,
308,2,
309,2,
310,4,
311,4,
312,3,
313,3,
314,3,
315,4,
316,2,
317,3,
318,3,
319,4,
320,4,
321,2,
322,4,
323,3,
324,4,
325,3,
326,4,
327,4,
328,2,
329,3,
330,3,
331,3,
332,4,
333,3,
334,2,
335,3,
336,2,
337,4,
338,3,
339,2,
340,2,
341,3,
342,4,
343,4,
344,2,
345,3,
346,4,
347,4,
348,3,
349,3,
350,2,
351,4,
352,3,
353,3,
354,3,
355,4,
356,2,
357,4,
358,3,
359,2,
360,3,
361,4,
362,2,
363,4,
364,2,
365,4,
366,4,
367,3,
368,4,
369,3,
370,3,
371,2,
372,2,
373,4,
374,4,
375,2,
376,3,
377,2,
378,2,
379,2,
380,3,
381,4,
382,3,
383,3,
384,3,
385,2,
386,3,
387,3,
388,3,
389,3,
390,4,
391,4,
392,2,
393,2,
394,3,
395,3,
396,4,
397,4,
398,4,
399,2,
400,2,
401,3,
402,2,
403,4,
404,2,
405,4,
406,4,
407,4,
408,4,
409,4,
410,3,
411,2,
412,4,
413,4,
414,4,
415,4,
416,2,
417,2,
418,3,
419,2,
420,2,
421,3,
422,4,
423,3,
424,3,
425,4,
426,4,
427,2,
428,3,
429,4,
430,3,
431,2,
432,4,
433,4,
434,3,
435,2,
436,2,
437,2,
438,2,
439,4,
440,2,
441,2,
442,2,
443,2,
444,2,
445,2,
446,4,
447,4,
448,2,
449,3,
450,3,
451,3,
452,3,
453,2,
454,3,
455,4,
456,3,
457,3,
458,3,
459,4,
460,2,
461,2,
462,2,
463,3,
464,4,
465,4,
466,3,
467,3,
468,3,
469,3,
470,4,
471,4,
472,3,
473,4,
474,3,
475,3,
476,2,
477,4,
478,4,
479,3,
480,3,
481,3,
482,4,
483,4,
484,2,
485,3,
486,3,
487,4,
488,2,
489,2,
490,2,
491,4,
492,2,
493,2,
494,4,
495,2,
496,3,
497,4,
498,4,
499,3,
500,4,
501,3,
502,4,
503,4,
504,3,
505,2,
506,2,
507,3,
508,4,
509,4,
510,2,
511,2,
512,2,
513,2,
514,3,
515,3,
516,2,
517,2,
518,4,
519,3,
520,3,
521,3,
522,2,
523,2,
524,4,
525,3,
526,2,
527,4,
528,2,
529,3,
530,2,
531,4,
532,3,
533,4,
534,3,
535,3,
536,2,
537,4,
538,4,
539,3,
540,3,
541,4,
542,3,
543,4,
544,4,
545,2,
546,4,
547,2,
548,4,
549,2,
550,4,
551,3,
552,4,
553,4,
554,3,
555,2,
556,2,
557,2,
558,2,
559,2,
560,4,
561,3,
562,3,
563,2,
564,4,
565,2,
566,4,
567,2,
568,4,
569,3,
570,3,
571,2,
572,3,
573,4,
574,2,
575,2,
576,3,
577,4,
578,2,
579,2,
580,3,
581,3,
582,2,
583,4,
584,4,
585,2,
586,3,
587,3,
588,3,
589,3,
590,4,
591,2,
592,4,
593,4,
594,4,
595,2,
596,4,
597,2,
598,4,
599,3,
600,4,
601,4,
602,4,
603,3,
604,2,
605,2,
606,4,
607,2,
608,4,
609,4,
610,3,
611,2,
612,4,
613,2,
614,2,
615,4,
616,2,
617,3,
618,4,
619,4,
620,2,
621,2,
622,4,
623,2,
624,4,
625,4,
626,2,
627,4,
628,4,
629,2,
630,2,
631,3,
632,2,
633,2,
634,2,
635,4,
636,2,
637,3,
638,3,
639,2,
640,3,
641,2,
642,3,
643,3,
644,3,
645,2,
646,3,
647,4,
648,4,
649,2,
650,2,
651,4,
652,3,
653,2,
654,2,
655,2,
656,4,
657,2,
658,2,
659,3,
660,3,
661,3,
662,3,
663,3,
664,3,
665,4,
666,4,
667,2,
668,4,
669,3,
670,2,
671,4,
672,4,
673,4,
674,3,
675,4,
676,4,
677,3,
678,4,
679,3,
680,2,
681,3,
682,3,
683,4,
684,2,
685,3,
686,3,
687,3,
688,3,
689,4,
690,3,
691,3,
692,4,
693,2,
694,4,
695,4,
696,4,
697,4,
698,4,
699,4,
700,3,
701,2,
702,4,
703,4,
704,2,
705,4,
706,4,
707,3,
708,3,
709,2,
710,3,
711,2,
712,3,
713,2,
714,2,
715,2,
716,2,
717,4,
718,3,
719,2,
720,3,
721,3,
722,2,
723,2,
724,3,
725,3,
726,3,
727,3,
728,3,
729,3,
730,3,
731,4,
732,2,
733,4,
734,3,
735,3,
736,4,
737,3,
738,2,
739,4,
740,3,
741,2,
742,3,
743,3,
744,2,
745,2,
746,4,
747,3,
748,2,
749,3,
750,4,
751,2,
752,3,
753,3,
754,3,
755,4,
756,4,
757,2,
758,2,
759,4,
760,2,
761,3,
762,4,
763,4,
764,2,
1,2,
2,3,
3,3,
4,3,
5,3,
6,4,
7,4,
8,4,
9,4,
10,2,
11,2,
12,4,
13,2,
14,2,
15,2,
16,2,
17,4,
18,3,
19,4,
20,4,
21,2,
22,2,
23,4,
24,2,
25,4,
26,3,
27,2,
28,2,
29,3,
30,3,
31,3,
32,4,
33,3,
34,4,
35,2,
36,4,
37,3,
38,2,
39,2,
40,4,
41,3,
42,2,
43,4,
44,3,
45,3,
46,2,
47,4,
48,3,
49,4,
50,3,
51,2,
52,4,
53,2,
54,2,
55,4,
56,3,
57,2,
58,3,
59,2,
60,4,
61,3,
62,2,
63,2,
64,2,
65,2,
66,4,
67,2,
68,3,
69,2,
70,2,
71,2,
72,3,
73,4,
74,2,
75,2,
76,3,
77,4,
78,3,
79,2,
80,2,
81,2,
82,3,
83,4,
84,2,
85,2,
86,3,
87,2,
88,4,
89,3,
90,2,
91,3,
92,3,
93,2,
94,4,
95,3,
96,3,
97,2,
98,3,
99,4,
100,4,
101,2,
102,2,
103,3,
104,3,
105,2,
106,4,
107,2,
108,3,
109,3,
110,3,
111,2,
112,3,
113,4,
114,3,
115,2,
116,3,
117,2,
118,2,
119,3,
120,4,
121,4,
122,4,
123,3,
124,4,
125,4,
126,2,
127,2,
128,4,
129,3,
130,3,
131,4,
132,2,
133,4,
134,3,
135,2,
136,3,
137,3,
138,2,
139,3,
140,4,
141,2,
142,4,
143,2,
144,3,
145,4,
146,2,
147,4,
148,4,
149,2,
150,3,
151,3,
152,2,
153,2,
154,2,
155,2,
156,2,
157,4,
158,4,
159,3,
160,3,
161,4,
162,2,
163,2,
164,2,
165,4,
166,2,
167,3,
168,4,
169,3,
170,2,
171,3,
172,4,
173,3,
174,4,
175,4,
176,3,
177,4,
178,3,
179,3,
180,4,
181,4,
182,4,
183,4,
184,4,
185,2,
186,2,
187,3,
188,4,
189,2,
190,4,
191,4,
192,3,
193,2,
194,3,
195,4,
196,4,
197,3,
198,3,
199,2,
200,4,
201,2,
202,2,
203,4,
204,3,
205,4,
206,2,
207,2,
208,3,
209,3,
210,4,
211,3,
212,2,
213,3,
214,2,
215,4,
216,4,
217,4,
218,4,
219,3,
220,2,
221,2,
222,2,
223,3,
224,2,
225,3,
226,3,
227,4,
228,3,
229,4,
230,3,
231,3,
232,2,
233,3,
234,3,
235,2,
236,2,
237,3,
238,3,
239,2,
240,3,
241,4,
242,3,
243,4,
244,4,
245,3,
246,3,
247,2,
248,2,
249,3,
250,3,
251,2,
252,3,
253,3,
254,2,
255,2,
256,4,
257,3,
258,4,
259,3,
260,2,
261,2,
262,4,
263,3,
264,4,
265,2,
266,4,
267,3,
268,3,
269,4,
270,3,
271,3,
272,4,
273,3,
274,2,
275,4,
276,2,
277,4,
278,3,
279,4,
280,4,
281,4,
282,2,
283,4,
284,3,
285,4,
286,3,
287,4,
288,4,
289,2,
290,2,
291,4,
292,3,
293,2,
294,3,
295,4,
296,3,
297,4,
298,2,
299,2,
300,3,
301,2,
302,2,
303,4,
304,4,
305,3,
306,4,
307,3,
308,3,
309,2,
310,4,
311,4,
312,2,
313,2,
314,4,
315,3,
316,2,
317,3,
318,4,
319,4,
320,3,
321,2,
322,3,
323,2,
324,3,
325,3,
326,4,
327,2,
328,2,
329,4,
330,3,
331,2,
332,4,
333,3,
334,4,
335,4,
336,4,
337,2,
338,2,
339,4,
340,3,
341,2,
342,2,
343,2,
344,2,
345,4,
346,4,
347,3,
348,2,
349,2,
350,2,
351,2,
352,4,
353,2,
354,4,
355,3,
356,3,
357,3,
358,4,
359,2,
360,2,
361,3,
362,2,
363,3,
364,4,
365,2,
366,3,
367,3,
368,4,
369,2,
370,2,
371,3,
372,3,
373,3,
374,3,
375,3,
376,4,
377,3,
378,3,
379,4,
380,2,
381,2,
382,4,
383,3,
384,3,
385,4,
386,3,
387,3,
388,4,
389,2,
390,2,
391,2,
392,3,
393,2,
394,3,
395,3,
396,3,
397,3,
398,2,
399,2,
400,4,
401,3,
402,4,
403,2,
404,3,
405,4,
406,3,
407,4,
408,3,
409,4,
410,3,
411,4,
412,4,
413,2,
414,3,
415,2,
416,3,
417,3,
418,3,
419,4,
420,2,
421,3,
422,4,
423,3,
424,2,
425,2,
426,4,
427,4,
428,4,
429,3,
430,2,
431,4,
432,3,
433,3,
434,4,
435,4,
436,4,
437,4,
438,3,
439,3,
440,2,
441,4,
442,3,
443,4,
444,3,
445,3,
446,2,
447,3,
448,4,
449,2,
450,4,
451,2,
452,4,
453,3,
454,3,
455,2,
456,4,
457,3,
458,2,
459,3,
460,2,
461,3,
462,4,
463,2,
464,4,
465,3,
466,3,
467,3,
468,3,
469,4,
470,2,
471,4,
472,3,
473,4,
474,2,
475,2,
476,2,
477,4,
478,3,
479,2,
480,4,
481,4,
482,2,
483,3,
484,2,
485,2,
486,4,
487,3,
488,2,
489,4,
490,3,
491,2,
492,4,
493,3,
494,3,
495,3,
496,2,
497,3,
498,4,
499,2,
500,4,
501,2,
502,2,
503,2,
504,3,
505,4,
506,2,
507,2,
508,2,
509,2,
510,3,
511,2,
512,2,
513,3,
514,4,
515,2,
516,3,
517,4,
518,3,
519,3,
520,2,
521,2,
522,3,
523,2,
524,3,
525,2,
526,2,
527,2,
528,4,
529,4,
530,4,
531,4,
532,2,
533,2,
534,2,
535,2,
536,4,
537,3,
538,2,
539,3,
540,2,
541,2,
542,4,
543,4,
544,4,
545,4,
546,3,
547,4,
548,3,
549,4,
550,4,
551,4,
552,3,
553,3,
554,4,
555,3,
556,2,
557,4,
558,4,
559,2,
560,2,
561,2,
562,3,
563,2,
564,2,
565,2,
566,2,
567,2,
568,4,
569,3,
570,3,
571,3,
572,4,
573,2,
574,3,
575,2,
576,2,
577,3,
578,3,
579,2,
580,4,
581,2,
582,4,
583,4,
584,3,
585,2,
586,3,
587,3,
588,2,
589,4,
590,3,
591,3,
592,3,
593,3,
594,2,
595,3,
596,3,
597,2,
598,3,
599,2,
600,2,
601,2,
602,2,
603,2,
604,3,
605,4,
606,3,
607,4,
608,2,
609,3,
610,4,
611,2,
612,2,
613,2,
614,3,
615,3,
616,2,
617,4,
618,4,
619,4,
620,4,
621,2,
622,2,
623,3,
624,3,
625,2,
626,4,
627,2,
628,2,
629,4,
630,2,
631,3,
632,2,
633,4,
634,4,
635,4,
636,3,
637,4,
638,2,
639,2,
640,3,
641,4,
642,4,
643,4,
644,4,
645,3,
646,4,
647,3,
648,4,
649,4,
650,2,
651,2,
652,3,
653,2,
654,2,
655,4,
656,3,
657,3,
658,4,
659,4,
660,2,
661,4,
662,3,
663,3,
664,4,
665,4,
666,3,
667,2,
668,3,
669,4,
670,2,
671,3,
672,2,
673,4,
674,2,
675,4,
676,2,
677,2,
678,3,
679,3,
680,4,
681,4,
682,4,
683,4,
684,2,
685,4,
686,3,
687,2,
688,3,
689,2,
690,4,
691,2,
692,3,
693,2,
694,3,
695,3,
696,3,
697,2,
698,3,
699,2,
700,3,
701,4,
702,3,
703,2,
704,2,
705,4,
706,2,
707,3,
708,4,
709,4,
710,3,
711,2,
712,3,
713,3,
714,4,
715,4,
716,2,
717,4,
718,2,
719,3,
720,3,
721,2,
722,3,
723,3,
724,4,
725,3,
726,4,
727,4,
728,2,
729,4,
730,2,
731,2,
732,4,
733,3,
734,2,
735,2,
736,2,
737,3,
738,4,
739,3,
740,4,
741,2,
742,2,
743,4,
744,4,
745,3,
746,4,
747,4,
748,2,
749,4,
750,3,
751,3,
1,4,
2,4,
3,3,
4,4,
5,3,
6,4,
7,4,
8,4,
9,2,
10,2,
11,4,
12,2,
13,4,
14,2,
15,2,
16,2,
17,3,
18,4,
19,2,
20,4,
21,3,
22,4,
23,4,
24,2,
25,4,
26,4,
27,4,
28,2,
29,4,
30,4,
31,2,
32,2,
33,4,
34,3,
35,3,
36,4,
37,3,
38,2,
39,4,
40,3,
41,3,
42,4,
43,3,
44,2,
45,3,
46,4,
47,3,
48,2,
49,3,
50,2,
51,4,
52,3,
53,2,
54,3,
55,2,
56,2,
57,3,
58,3,
59,2,
60,3,
61,4,
62,2,
63,4,
64,2,
65,2,
66,3,
67,2,
68,4,
69,2,
70,4,
71,3,
72,3,
73,2,
74,3,
75,3,
76,3,
77,4,
78,3,
79,2,
80,2,
81,4,
82,4,
83,2,
84,4,
85,2,
86,4,
87,4,
88,4,
89,2,
90,4,
91,3,
92,2,
93,2,
94,2,
95,3,
96,4,
97,2,
98,2,
99,4,
100,4,
101,2,
102,3,
103,4,
104,2,
105,2,
106,3,
107,4,
108,3,
109,2,
110,3,
111,3,
112,2,
113,2,
114,4,
115,3,
116,3,
117,2,
118,3,
119,2,
120,3,
121,3,
122,2,
123,2,
124,2,
125,4,
126,2,
127,4,
128,2,
129,2,
130,4,
131,2,
132,3,
133,4,
134,3,
135,4,
136,4,
137,2,
138,4,
139,4,
140,2,
141,3,
142,4,
143,4,
144,4,
145,3,
146,4,
147,2,
148,2,
149,2,
150,3,
151,2,
152,4,
153,4,
154,3,
155,4,
156,3,
157,2,
158,2,
159,2,
160,4,
161,4,
162,2,
163,4,
164,4,
165,2,
166,2,
167,3,
168,3,
169,3,
170,4,
171,3,
172,3,
173,3,
174,4,
175,4,
176,4,
177,2,
178,2,
179,2,
180,2,
181,4,
182,2,
183,3,
184,2,
185,2,
186,4,
187,2,
188,4,
189,2,
190,3,
191,2,
192,2,
193,3,
194,4,
195,2,
196,4,
197,3,
198,3,
199,2,
200,4,
201,2,
202,3,
203,2,
204,4,
205,3,
206,4,
207,3,
208,3,
209,4,
210,3,
211,3,
212,3,
213,3,
214,3,
215,3,
216,2,
217,3,
218,4,
219,2,
220,4,
221,4,
222,2,
223,2,
224,4,
225,3,
226,4,
227,2,
228,3,
229,3,
230,4,
231,4,
232,3,
233,3,
234,2,
235,3,
236,2,
237,2,
238,4,
239,4,
240,4,
241,2,
242,3,
243,2,
244,2,
245,4,
246,4,
247,3,
248,2,
249,4,
250,4,
251,2,
252,2,
253,3,
254,3,
255,3,
256,4,
257,3,
258,4,
259,2,
260,3,
261,3,
262,4,
263,4,
264,2,
265,2,
266,3,
267,3,
268,4,
269,2,
270,3,
271,2,
272,4,
273,3,
274,4,
275,2,
276,2,
277,3,
278,3,
279,3,
280,3,
281,2,
282,4,
283,2,
284,3,
285,2,
286,3,
287,4,
288,2,
289,3,
290,4,
291,4,
292,4,
293,3,
294,4,
295,2,
296,2,
297,2,
298,3,
299,4,
300,2,
301,2,
302,3,
303,3,
304,3,
305,2,
306,2,
307,4,
308,4,
309,3,
310,2,
311,2,
312,2,
313,3,
314,4,
315,3,
316,3,
317,3,
318,2,
319,2,
320,3,
321,3,
322,3,
323,3,
324,4,
325,3,
326,3,
327,3,
328,2,
329,2,
330,2,
331,2,
332,3,
333,3,
334,2,
335,2,
336,2,
337,3,
338,3,
339,2,
340,2,
341,2,
342,3,
343,3,
344,4,
345,3,
346,2,
347,2,
348,2,
349,3,
350,3,
351,3,
352,2,
353,4,
354,2,
355,4,
356,2,
357,4,
358,2,
359,4,
360,2,
361,3,
362,2,
363,3,
364,4,
365,4,
366,3,
367,2,
368,3,
369,3,
370,3,
371,2,
372,3,
373,2,
374,3,
375,3,
376,2,
377,3,
378,3,
379,3,
380,3,
381,2,
382,4,
383,4,
384,3,
385,2,
386,4,
387,4,
388,4,
389,3,
390,4,
391,3,
392,2,
393,2,
394,3,
395,4,
396,4,
397,2,
398,3,
399,3,
400,3,
401,4,
402,4,
403,2,
404,4,
405,3,
406,2,
407,2,
408,2,
409,2,
410,2,
411,2,
412,4,
413,3,
414,3,
415,2,
416,2,
417,3,
418,2,
419,2,
420,3,
421,2,
422,2,
423,4,
424,2,
425,4,
426,4,
427,2,
428,2,
429,4,
430,3,
431,3,
432,2,
433,4,
434,2,
435,4,
436,3,
437,2,
438,2,
439,4,
440,4,
441,4,
442,3,
443,2,
444,3,
445,3,
446,4,
447,2,
448,2,
449,2,
450,4,
451,2,
452,4,
453,4,
454,2,
455,4,
456,4,
457,2,
458,4,
459,3,
460,4,
461,4,
462,2,
463,3,
464,2,
465,4,
466,4,
467,4,
468,2,
469,3,
470,3,
471,3,
472,2,
473,2,
474,3,
475,2,
476,3,
477,3,
478,4,
479,2,
480,3,
481,4,
482,2,
483,4,
484,3,
485,4,
486,2,
487,2,
488,2,
489,2,
490,4,
491,4,
492,2,
493,3,
494,4,
495,2,
496,4,
497,2,
498,4,
499,4,
500,2,
501,3,
502,3,
503,4,
504,3,
505,3,
506,2,
507,4,
508,4,
509,4,
510,2,
511,2,
512,4,
513,4,
514,2,
515,2,
516,3,
517,2,
518,2,
519,4,
520,3,
521,4,
522,3,
523,2,
524,3,
525,2,
526,4,
527,2,
528,3,
529,3,
530,2,
531,2,
532,3,
533,4,
534,2,
535,4,
536,3,
537,4,
538,4,
539,2,
540,2,
541,3,
542,3,
543,3,
544,2,
545,3,
546,4,
547,4,
548,4,
549,2,
550,2,
551,2,
552,4,
553,2,
554,3,
555,2,
556,2,
557,4,
558,4,
559,2,
560,4,
561,2,
562,2,
563,2,
564,2,
565,4,
566,2,
567,4,
568,3,
569,3,
570,3,
571,2,
572,4,
573,3,
574,2,
575,2,
576,3,
577,3,
578,4,
579,3,
580,3,
581,4,
582,3,
583,4,
584,2,
585,3,
586,2,
587,2,
588,4,
589,4,
590,2,
591,2,
592,3,
593,4,
594,3,
595,3,
596,4,
597,4,
598,2,
599,4,
600,4,
601,2,
602,2,
603,2,
604,4,
605,3,
606,4,
607,3,
608,2,
609,4,
610,4,
611,3,
612,4,
613,3,
614,3,
615,3,
616,2,
617,4,
618,4,
619,2,
620,3,
621,4,
622,2,
623,4,
624,3,
625,2,
626,3,
627,2,
628,3,
629,4,
630,3,
631,2,
632,3,
633,3,
634,3,
635,4,
636,2,
637,2,
638,3,
639,3,
640,2,
641,2,
642,4,
643,2,
644,4,
645,3,
646,3,
647,3,
648,2,
649,2,
650,2,
651,4,
652,3,
653,2,
654,4,
655,3,
656,3,
657,3,
658,3,
659,4,
660,4,
661,3,
662,4,
663,3,
664,4,
665,3,
666,3,
667,3,
668,2,
669,4,
670,2,
671,4,
672,3,
673,4,
674,3,
675,4,
676,2,
677,2,
678,2,
679,4,
680,4,
681,2,
682,3,
683,4,
684,2,
685,3,
686,2,
687,3,
688,3,
689,3,
690,4,
691,3,
692,3,
693,3,
694,4,
695,3,
696,3,
697,4,
698,4,
699,4,
700,3,
701,2,
702,3,
703,2,
704,3,
705,4,
706,4,
707,2,
708,3,
709,3,
710,2,
711,3,
712,3,
713,4,
714,2,
715,4,
716,4,
717,3,
718,3,
719,2,
720,4,
721,3,
722,3,
723,3,
724,2,
725,2,
726,3,
727,2,
728,3,
729,3,
730,4,
731,3,
732,4,
733,4,
734,4,
735,4,
736,2,
737,2,
738,4,
739,3,
740,4,
741,2,
742,2,
743,2,
744,2,
745,3,
746,3,
747,3,
748,3,
749,3,
750,4,
751,3,
752,4,
753,4,
754,2,
755,2,
1,4,
2,4,
3,2,
4,2,
5,3,
6,2,
7,2,
8,2,
9,2,
10,4,
11,3,
12,4,
13,2,
14,2,
15,3,
16,4,
17,3,
18,4,
19,2,
20,4,
21,4,
22,4,
23,2,
24,2,
25,2,
26,3,
27,2,
28,3,
29,2,
30,3,
31,2,
32,4,
33,2,
34,3,
35,4,
36,3,
37,3,
38,4,
39,4,
40,2,
41,2,
42,3,
43,4,
44,4,
45,3,
46,4,
47,3,
48,2,
49,2,
50,2,
51,2,
52,2,
53,2,
54,3,
55,2,
56,3,
57,3,
58,3,
59,4,
60,3,
61,3,
62,3,
63,2,
64,3,
65,3,
66,2,
67,2,
68,4,
69,4,
70,4,
71,2,
72,4,
73,2,
74,4,
75,4,
76,3,
77,4,
78,3,
79,4,
80,3,
81,3,
82,4,
83,3,
84,2,
85,4,
86,4,
87,3,
88,4,
89,4,
90,3,
91,3,
92,3,
93,4,
94,2,
95,3,
96,3,
97,3,
98,4,
99,4,
100,4,
101,2,
102,3,
103,3,
104,4,
105,4,
106,4,
107,4,
108,4,
109,4,
110,3,
111,4,
112,2,
113,2,
114,4,
115,3,
116,2,
117,3,
118,3,
119,4,
120,3,
121,3,
122,4,
123,4,
124,2,
125,2,
126,3,
127,2,
128,2,
129,3,
130,4,
131,3,
132,4,
133,4,
134,3,
135,2,
136,4,
137,4,
138,2,
139,2,
140,2,
141,3,
142,3,
143,3,
144,4,
145,4,
146,2,
147,4,
148,3,
149,2,
150,3,
151,4,
152,3,
153,4,
154,3,
155,3,
156,3,
157,4,
158,3,
159,4,
160,3,
161,2,
162,2,
163,3,
164,3,
165,4,
166,3,
167,4,
168,2,
169,3,
170,4,
171,2,
172,4,
173,4,
174,3,
175,3,
176,2,
177,4,
178,3,
179,2,
180,2,
181,2,
182,4,
183,3,
184,2,
185,2,
186,3,
187,3,
188,2,
189,3,
190,3,
191,4,
192,4,
193,4,
194,3,
195,4,
196,3,
197,4,
198,4,
199,2,
200,2,
201,3,
202,4,
203,2,
204,4,
205,4,
206,4,
207,4,
208,2,
209,2,
210,3,
211,3,
212,3,
213,4,
214,2,
215,2,
216,3,
217,4,
218,3,
219,3,
220,3,
221,3,
222,4,
223,4,
224,3,
225,4,
226,4,
227,3,
228,2,
229,4,
230,4,
231,4,
232,2,
233,2,
234,3,
235,3,
236,4,
237,4,
238,4,
239,2,
240,3,
241,4,
242,4,
243,2,
244,2,
245,3,
246,4,
247,2,
248,2,
249,4,
250,3,
251,2,
252,3,
253,4,
254,3,
255,2,
256,3,
257,2,
258,2,
259,4,
260,2,
261,3,
262,3,
263,2,
264,2,
265,2,
266,3,
267,3,
268,3,
269,2,
270,2,
271,2,
272,4,
273,3,
274,2,
275,3,
276,2,
277,3,
278,2,
279,2,
280,4,
281,2,
282,4,
283,3,
284,2,
285,3,
286,3,
287,4,
288,3,
289,4,
290,4,
291,3,
292,3,
293,2,
294,2,
295,3,
296,4,
297,3,
298,4,
299,3,
300,3,
301,3,
302,2,
303,2,
304,4,
305,3,
306,4,
307,2,
308,2,
309,3,
310,3,
311,3,
312,2,
313,3,
314,3,
315,3,
316,2,
317,4,
318,2,
319,2,
320,4,
321,4,
322,3,
323,2,
324,2,
325,3,
326,3,
327,4,
328,4,
329,3,
330,3,
331,4,
332,3,
333,3,
334,3,
335,4,
336,2,
337,2,
338,3,
339,2,
340,2,
341,4,
342,4,
343,4,
344,2,
345,3,
346,4,
347,4,
348,2,
349,4,
350,2,
351,3,
352,3,
353,3,
354,3,
355,4,
356,4,
357,3,
358,4,
359,4,
360,2,
361,2,
362,4,
363,3,
364,4,
365,2,
366,2,
367,3,
368,4,
369,2,
370,3,
371,4,
372,2,
373,2,
374,4,
375,2,
376,3,
377,3,
378,4,
379,2,
380,3,
381,4,
382,3,
383,3,
384,2,
385,4,
386,3,
387,4,
388,2,
389,2,
390,2,
391,2,
392,2,
393,4,
394,4,
395,3,
396,2,
397,4,
398,2,
399,4,
400,2,
401,4,
402,3,
403,2,
404,4,
405,3,
406,4,
407,3,
408,3,
409,4,
410,4,
411,2,
412,3,
413,2,
414,4,
415,4,
416,4,
417,3,
418,3,
419,2,
420,3,
421,3,
422,4,
423,2,
424,3,
425,4,
426,4,
427,3,
428,4,
429,3,
430,4,
431,2,
432,2,
433,4,
434,2,
435,3,
436,3,
437,3,
438,2,
439,3,
440,4,
441,2,
442,3,
443,4,
444,4,
445,4,
446,2,
447,3,
448,2,
449,2,
450,4,
451,3,
452,4,
453,4,
454,4,
455,2,
456,2,
457,3,
458,3,
459,4,
460,2,
461,3,
462,3,
463,4,
464,4,
465,2,
466,4,
467,4,
468,2,
469,4,
470,3,
471,3,
472,2,
473,4,
474,3,
475,2,
476,4,
477,4,
478,2,
479,4,
480,2,
481,3,
482,2,
483,2,
484,4,
485,4,
486,3,
487,4,
488,4,
489,4,
490,3,
491,3,
492,3,
493,2,
494,2,
495,4,
496,2,
497,2,
498,2,
499,4,
500,3,
501,2,
502,2,
503,3,
504,4,
505,4,
506,4,
507,3,
508,3,
509,2,
510,2,
511,2,
512,3,
513,2,
514,3,
515,4,
516,3,
517,2,
518,3,
519,2,
520,4,
521,2,
522,3,
523,2,
524,3,
525,4,
526,3,
527,3,
528,3,
529,2,
530,3,
531,3,
532,2,
533,3,
534,3,
535,2,
536,2,
537,3,
538,2,
539,4,
540,4,
541,4,
542,4,
543,2,
544,2,
545,4,
546,2,
547,3,
548,2,
549,3,
550,4,
551,4,
552,3,
553,3,
554,4,
555,4,
556,2,
557,3,
558,2,
559,4,
560,4,
561,2,
562,4,
563,3,
564,3,
565,3,
566,4,
567,2,
568,3,
569,3,
570,2,
571,3,
572,2,
573,2,
574,4,
575,4,
576,3,
577,4,
578,3,
579,3,
580,4,
581,4,
582,3,
583,2,
584,2,
585,4,
586,4,
587,3,
588,4,
589,2,
590,3,
591,2,
592,3,
593,2,
594,2,
595,4,
596,2,
597,3,
598,4,
599,2,
600,4,
601,3,
602,3,
603,2,
604,4,
605,4,
606,4,
607,3,
608,3,
609,3,
610,2,
611,3,
612,2,
613,2,
614,4,
615,2,
616,4,
617,3,
618,2,
619,4,
620,2,
621,3,
622,2,
623,4,
624,4,
625,3,
626,3,
627,3,
628,3,
629,2,
630,2,
631,3,
632,4,
633,3,
634,4,
635,2,
636,4,
637,3,
638,3,
639,4,
640,3,
641,3,
642,3,
643,2,
644,4,
645,3,
646,3,
647,2,
648,3,
649,3,
650,4,
651,2,
652,3,
653,4,
654,4,
655,4,
656,3,
657,4,
658,2,
659,3,
660,2,
661,2,
662,2,
663,3,
664,4,
665,2,
666,2,
667,2,
668,4,
669,4,
670,4,
671,3,
672,4,
673,2,
674,2,
675,3,
676,4,
677,3,
678,2,
679,4,
680,2,
681,4,
682,4,
683,2,
684,2,
685,2,
686,4,
687,4,
688,4,
689,3,
690,2,
691,4,
692,3,
693,4,
694,3,
695,4,
696,4,
697,2,
698,4,
699,2,
700,3,
701,4,
702,4,
703,2,
704,3,
705,3,
706,2,
707,3,
708,2,
709,3,
710,2,
711,2,
712,2,
713,3,
714,3,
715,2,
716,4,
717,4,
718,3,
719,3,
720,2,
721,2,
722,2,
723,3,
724,4,
725,2,
726,4,
727,4,
728,4,
729,4,
730,3,
731,2,
732,4,
733,3,
734,2,
735,2,
736,2,
737,4,
738,3,
739,2,
740,2,
741,2,
742,2,
743,3,
744,2,
745,4,
746,2,
747,2,
748,4,
749,2,
750,2,
751,2,
752,3,
753,2,
754,3,
755,4,
756,2,
757,4,
758,3,
759,2,
760,4,
761,2,
762,4,
763,2,
764,3,
765,2,
766,3,
767,2,
768,2,
769,4,
770,4,
771,2,
772,2,
773,2,
774,4,
775,2,
776,2,
777,2,
778,3,
779,3,
780,3,
781,2,
782,2,
783,2,
784,2,
1,4,
2,4,
3,2,
4,4,
5,3,
6,4,
7,4,
8,4,
9,2,
10,3,
11,2,
12,2,
13,4,
14,4,
15,2,
16,4,
17,2,
18,3,
19,3,
20,3,
21,4,
22,3,
23,3,
24,2,
25,4,
26,4,
27,4,
28,2,
29,4,
30,3,
31,4,
32,2,
33,4,
34,4,
35,3,
36,3,
37,4,
38,4,
39,2,
40,4,
41,2,
42,3,
43,4,
44,2,
45,4,
46,4,
47,2,
48,2,
49,2,
50,2,
51,2,
52,2,
53,4,
54,4,
55,4,
56,4,
57,4,
58,2,
59,3,
60,2,
61,3,
62,2,
63,2,
64,3,
65,2,
66,3,
67,2,
68,2,
69,2,
70,2,
71,3,
72,2,
73,3,
74,2,
75,3,
76,3,
77,4,
78,4,
79,3,
80,2,
81,3,
82,3,
83,3,
84,3,
85,4,
86,2,
87,4,
88,3,
89,4,
90,3,
91,4,
92,4,
93,3,
94,3,
95,3,
96,4,
97,4,
98,4,
99,4,
100,2,
101,2,
102,2,
103,3,
104,3,
105,2,
106,4,
107,3,
108,3,
109,2,
110,2,
111,2,
112,4,
113,2,
114,4,
115,3,
116,3,
117,2,
118,4,
119,4,
120,3,
121,3,
122,2,
123,4,
124,3,
125,4,
126,4,
127,3,
128,2,
129,4,
130,2,
131,4,
132,3,
133,4,
134,4,
135,3,
136,2,
137,2,
138,2,
139,4,
140,2,
141,2,
142,2,
143,4,
144,2,
145,3,
146,3,
147,2,
148,4,
149,4,
150,2,
151,3,
152,2,
153,3,
154,3,
155,3,
156,2,
157,4,
158,4,
159,2,
160,2,
161,2,
162,4,
163,3,
164,3,
165,3,
166,4,
167,2,
168,2,
169,4,
170,2,
171,2,
172,4,
173,3,
174,2,
175,2,
176,2,
177,3,
178,4,
179,3,
180,4,
181,2,
182,2,
183,3,
184,2,
185,2,
186,2,
187,3,
188,3,
189,3,
190,4,
191,3,
192,4,
193,3,
194,4,
195,3,
196,4,
197,3,
198,4,
199,2,
200,3,
201,3,
202,3,
203,3,
204,3,
205,4,
206,4,
207,2,
208,3,
209,3,
210,2,
211,4,
212,4,
213,2,
214,4,
215,3,
216,2,
217,4,
218,3,
219,4,
220,2,
221,4,
222,3,
223,4,
224,3,
225,2,
226,3,
227,2,
228,2,
229,3,
230,4,
231,4,
232,2,
233,4,
234,4,
235,4,
236,2,
237,2,
238,4,
239,3,
240,2,
241,4,
242,3,
243,4,
244,4,
245,4,
246,4,
247,2,
248,3,
249,4,
250,4,
251,4,
252,4,
253,4,
254,4,
255,2,
256,3,
257,2,
258,2,
259,3,
260,4,
261,3,
262,3,
263,4,
264,3,
265,3,
266,4,
267,2,
268,2,
269,3,
270,2,
271,3,
272,3,
273,3,
274,3,
275,2,
276,3,
277,4,
278,2,
279,4,
280,3,
281,2,
282,2,
283,2,
284,2,
285,2,
286,3,
287,4,
288,3,
289,2,
290,2,
291,3,
292,4,
293,4,
294,4,
295,2,
296,4,
297,4,
298,3,
299,2,
300,2,
301,4,
302,2,
303,3,
304,3,
305,3,
306,4,
307,2,
308,3,
309,4,
310,4,
311,2,
312,4,
313,4,
314,3,
315,4,
316,3,
317,4,
318,3,
319,2,
320,2,
321,3,
322,2,
323,2,
324,4,
325,4,
326,2,
327,4,
328,4,
329,2,
330,2,
331,3,
332,4,
333,3,
334,4,
335,3,
336,4,
337,2,
338,3,
339,3,
340,4,
341,4,
342,4,
343,4,
344,4,
345,4,
346,2,
347,2,
348,4,
349,3,
350,4,
351,3,
352,3,
353,3,
354,4,
355,3,
356,3,
357,4,
358,2,
359,2,
360,2,
361,3,
362,2,
363,4,
364,4,
365,3,
366,3,
367,3,
368,4,
369,2,
370,2,
371,2,
372,3,
373,4,
374,3,
375,2,
376,2,
377,3,
378,3,
379,3,
380,3,
381,3,
382,4,
383,3,
384,3,
385,4,
386,3,
387,3,
388,4,
389,3,
390,2,
391,3,
392,3,
393,4,
394,3,
395,3,
396,3,
397,3,
398,2,
399,2,
400,3,
401,2,
402,3,
403,2,
404,2,
405,2,
406,3,
407,3,
408,3,
409,2,
410,3,
411,2,
412,4,
413,3,
414,3,
415,3,
416,4,
417,2,
418,3,
419,2,
420,2,
421,4,
422,3,
423,4,
424,2,
425,4,
426,4,
427,2,
428,3,
429,4,
430,2,
431,4,
432,3,
433,3,
434,2,
435,3,
436,2,
437,4,
438,4,
439,4,
440,4,
441,4,
442,4,
443,3,
444,4,
445,4,
446,2,
447,2,
448,3,
449,2,
450,2,
451,4,
452,4,
453,4,
454,3,
455,3,
456,3,
457,2,
458,2,
459,2,
460,4,
461,2,
462,3,
463,4,
464,4,
465,2,
466,3,
467,2,
468,2,
469,3,
470,2,
471,3,
472,4,
473,4,
474,4,
475,3,
476,2,
477,4,
478,4,
479,4,
480,2,
481,2,
482,2,
483,3,
484,2,
485,4,
486,2,
487,3,
488,4,
489,4,
490,2,
491,4,
492,3,
493,3,
494,4,
495,4,
496,2,
497,4,
498,3,
499,3,
500,2,
501,3,
502,3,
503,2,
504,3,
505,2,
506,2,
507,2,
508,2,
509,4,
510,4,
511,4,
512,3,
513,2,
514,4,
515,3,
516,3,
517,3,
518,4,
519,4,
520,4,
521,4,
522,3,
523,2,
524,4,
525,3,
526,3,
527,2,
528,3,
529,4,
530,2,
531,2,
532,2,
533,3,
534,4,
535,2,
536,4,
537,3,
538,3,
539,3,
540,2,
541,2,
542,2,
543,2,
544,2,
545,3,
546,2,
547,2,
548,4,
549,2,
550,4,
551,3,
552,2,
553,4,
554,3,
555,2,
556,2,
557,3,
558,4,
559,3,
560,3,
561,3,
562,4,
563,3,
564,2,
565,4,
566,2,
567,3,
568,2,
569,3,
570,4,
571,3,
572,2,
573,4,
574,3,
575,3,
576,2,
577,2,
578,4,
579,2,
580,3,
581,4,
582,2,
583,4,
584,4,
585,4,
586,2,
587,3,
588,4,
589,4,
590,3,
591,3,
592,4,
593,3,
594,2,
595,3,
596,3,
597,3,
598,4,
599,3,
600,3,
601,2,
602,3,
603,2,
604,2,
605,2,
606,3,
607,4,
608,4,
609,2,
610,3,
611,2,
612,2,
613,2,
614,4,
615,2,
616,4,
617,3,
618,2,
619,2,
620,2,
621,3,
622,3,
623,3,
624,3,
625,3,
626,3,
627,2,
628,2,
629,2,
630,2,
631,2,
632,4,
633,3,
634,4,
635,3,
636,4,
637,4,
638,4,
639,4,
640,2,
641,3,
642,2,
643,3,
644,4,
645,3,
646,4,
647,3,
648,2,
649,4,
650,4,
651,2,
652,3,
653,4,
654,3,
655,3,
656,3,
657,3,
658,4,
659,3,
660,3,
661,3,
662,3,
663,2,
664,2,
665,3,
666,2,
667,4,
668,3,
669,3,
670,3,
671,2,
672,2,
673,4,
674,2,
675,3,
676,2,
677,2,
678,4,
679,2,
680,2,
681,4,
682,3,
683,2,
684,3,
685,3,
686,4,
687,2,
688,2,
689,4,
690,4,
691,4,
692,2,
693,4,
694,2,
695,3,
696,4,
697,3,
698,2,
699,2,
700,2,
701,4,
702,3,
703,2,
704,4,
705,4,
706,4,
707,3,
708,4,
709,4,
710,4,
711,2,
712,2,
713,2,
714,3,
715,2,
716,4,
717,2,
718,2,
719,4,
720,3,
721,4,
722,3,
723,3,
724,4,
725,2,
726,3,
727,4,
728,2,
729,3,
730,3,
731,2,
732,3,
733,3,
734,3,
735,3,
736,3,
737,3,
738,3,
739,3,
740,2,
741,3,
742,4,
743,2,
744,3,
745,3,
746,4,
747,4,
748,3,
749,4,
750,4,
751,2,
752,4,
753,2,
754,4,
755,3,
756,2,
757,2,
758,2,
759,3,
760,2,
761,2,
762,3,
763,2,
764,3,
765,4,
766,4,
767,3,
768,4,
769,4,
770,4,
771,3,
772,3,
773,2,
774,4,
775,3,
776,4,
777,4,
778,4,
779,4,
780,4,
781,4,
782,4,
783,3,
784,2,
785,2,
786,2,
787,4,
788,3,
789,4,
790,3,
791,2,
792,4,
793,3,
794,2,
795,2,
796,2,
797,3,
798,3,
799,4,
800,2,
801,2,
802,2,
803,2,
804,4,
805,4,
806,4,
807,4,
808,4,
809,4,
810,4,
811,4,
812,2,
813,3,
814,2,
815,2,
816,3,
817,4,
818,3,
819,4,
820,4,
821,4,
822,3,
823,3,
824,4,
825,4,
826,2,
827,3,
828,4,
829,2,
830,2,
831,4,
832,3,
833,2,
834,3,
835,2,
